Stock,Signals today,Rank,Exp/DAY%,RS%,Trades,Win%,Target #,Target %,Trail #,Trail %,Stop #,Stop %,Time #,Time %,Time-win,Time-loss,Expectancy%,Avg win%,Avg loss%,Avg days,BT from,BT to,Years,Remark,Loss %,Reward Risk,Profit Factor,Trades / Year,Annual Expectancy,Winning Exit %,Losing Exit %,Target Efficiency,Trail Efficiency,Stop Efficiency,Time Efficiency,Holding Efficiency,Profit Velocity,Signal Density,Trade Frequency,Exit Quality,Trading Style,Confidence Score,Risk Score,Opportunity Score,Consistency Score,Composite Score,Overall Rating,Recommendation,Institution Rank,Quality Flag,Exit Dominance,Risk Category
ADANIENT,True,2.43,0.05,42.3,552,34.2,131,23.7,59,10.7,360,65.2,2,0.4,0,2,0.49,9.47,-4.18,9.9,2015-09-18,2026-07-13,10.8,,65.8,,,51.11,25.04,34.4,67.2,23.73,10.69,65.22,0.36,0.049,27.6,0.002,0.203,Negative,Position,88.36,56.19,,,,Poor,REJECT,1,"Low Edge, High Stop Rate",Stop,High Risk
PERSISTENT,False,2.51,0.106,-11.34,464,40.5,125,26.9,65,14.0,274,59.1,0,0.0,0,0,1.18,8.48,-3.8,11.1,2015-09-18,2026-07-13,10.8,,59.5,,,42.96,50.69,40.9,59.1,26.94,14.01,59.05,0.0,0.106,49.18,0.0,0.17,Negative,Position,81.1,58.96,,,,Poor,REJECT,2,High Stop Rate,Stop,High Risk
DIXON,False,15.43,0.254,15.94,436,43.3,143,32.8,51,11.7,241,55.3,1,0.2,0,1,3.19,12.01,-3.56,12.6,2017-09-18,2026-07-13,8.8,limited history: 8.8y (<10y) - lower confidence,56.7,,,49.55,158.06,44.5,56.3,32.8,11.7,55.28,0.23,0.253,110.74,0.0,0.197,Negative,Position,76.83,58.25,,,,Poor,REJECT,3,High Stop Rate,Stop,High Risk
BEL,False,0.0,-0.124,-14.17,508,23.0,48,9.4,76,15.0,381,75.0,3,0.6,0,3,-1.16,5.65,-3.2,9.3,2015-09-18,2026-07-13,10.8,,77.0,,,47.04,-54.57,24.4,78.0,9.45,14.96,75.0,0.59,-0.125,-62.99,0.0,0.187,Negative,Position,76.13,29.86,,,,Poor,REJECT,4,"Low Edge, High Stop Rate",Stop,Very High Risk
KEC,False,0.0,-0.004,-16.42,459,29.4,102,22.2,36,7.8,320,69.7,1,0.2,0,1,-0.04,9.59,-4.05,10.7,2015-09-18,2026-07-10,10.8,,70.6,,,42.5,-1.7,30.0,70.7,22.22,7.84,69.72,0.22,-0.004,-1.84,0.0,0.169,Negative,Position,75.26,44.24,,,,Poor,REJECT,5,"Low Edge, High Stop Rate",Stop,High Risk
BALRAMCHIN,True,0.0,-0.127,13.28,480,28.5,96,20.0,44,9.2,336,70.0,4,0.8,0,4,-1.2,6.4,-4.24,9.5,2015-09-18,2026-07-10,10.8,,71.5,,,44.44,-53.33,29.2,74.0,20.0,9.17,70.0,0.83,-0.126,-60.96,0.002,0.176,Negative,Position,72.71,49.63,,,,Poor,REJECT,6,"Low Edge, High Stop Rate",Stop,High Risk
MOTHERSON,False,1.11,0.024,10.66,425,36.7,74,17.4,85,20.0,265,62.4,1,0.2,0,1,0.28,6.67,-3.43,11.5,2015-09-18,2026-07-13,10.8,,63.3,,,39.35,11.02,37.4,63.4,17.41,20.0,62.35,0.24,0.024,10.2,0.0,0.156,Negative,Position,72.69,47.73,,,,Poor,REJECT,7,"Low Edge, High Stop Rate",Stop,High Risk
HFCL,True,6.48,0.13,137.62,386,35.8,129,33.4,9,2.3,245,63.5,3,0.8,0,3,1.06,12.15,-5.11,8.1,2015-09-18,2026-07-13,10.8,,64.2,,,35.74,37.88,35.7,66.5,33.42,2.33,63.47,0.78,0.131,50.18,0.003,0.142,Negative,Position,71.52,75.25,,,,Poor,REJECT,8,High Stop Rate,Stop,Medium Risk
CUMMINSIND,True,0.09,0.003,5.08,400,29.8,63,15.8,61,15.2,275,68.8,1,0.2,0,1,0.03,7.1,-2.96,10.0,2015-09-18,2026-07-13,10.8,,70.2,,,37.04,1.11,31.0,69.8,15.75,15.25,68.75,0.25,0.003,1.2,0.002,0.147,Negative,Position,68.7,35.95,,,,Poor,REJECT,9,"Low Edge, High Stop Rate",Stop,Very High Risk
TATAPOWER,False,3.76,0.233,-15.82,305,35.4,89,29.2,20,6.6,196,64.3,0,0.0,0,0,2.36,13.28,-3.62,10.2,2015-09-18,2026-07-13,10.8,,64.6,,,28.24,66.65,35.8,64.3,29.18,6.56,64.26,0.0,0.231,71.06,0.0,0.112,Negative,Position,67.7,50.61,,,,Poor,REJECT,10,High Stop Rate,Stop,High Risk
INDIGO,False,0.0,-0.136,12.18,429,21.4,55,12.8,38,8.9,334,77.9,2,0.5,0,2,-1.16,7.25,-3.46,8.5,2015-11-10,2026-07-13,10.7,,78.6,,,40.09,-46.5,21.7,79.9,12.82,8.86,77.86,0.47,-0.136,-58.34,0.0,0.159,Negative,Position,66.47,30.16,,,,Poor,REJECT,11,"Low Edge, High Stop Rate",Stop,Very High Risk
CDSL,False,3.79,0.12,1.87,407,31.9,108,26.5,22,5.4,275,67.6,2,0.5,0,2,1.2,12.08,-3.91,10.0,2017-06-30,2026-07-13,9.0,limited history: 9.0y (<10y) - lower confidence,68.1,,,45.22,54.26,31.9,69.6,26.54,5.41,67.57,0.49,0.12,48.84,0.0,0.179,Negative,Position,65.85,48.63,,,,Poor,REJECT,12,High Stop Rate,Stop,High Risk
CEATLTD,False,0.16,0.006,0.74,342,29.8,72,21.1,30,8.8,238,69.6,2,0.6,0,2,0.06,9.06,-3.77,10.5,2015-09-18,2026-07-13,10.8,,70.2,,,31.67,1.9,29.9,71.6,21.05,8.77,69.59,0.58,0.006,2.05,0.0,0.126,Negative,Position,62.09,41.94,,,,Poor,REJECT,13,"Low Edge, High Stop Rate",Stop,High Risk
INFY,False,0.48,0.027,-19.64,285,38.9,28,9.8,86,30.2,168,58.9,3,1.1,0,3,0.37,4.79,-2.45,13.8,2015-09-18,2026-07-13,10.8,,61.1,,,26.39,9.76,40.0,61.9,9.82,30.18,58.95,1.05,0.027,7.7,0.0,0.105,Negative,Position,56.8,35.74,,,,Poor,REJECT,14,"Low Edge, High Stop Rate",Stop,Very High Risk
RELIANCE,False,0.75,0.044,-9.01,251,27.1,31,12.4,39,15.5,181,72.1,0,0.0,0,0,0.44,8.33,-2.49,10.0,2015-09-18,2026-07-13,10.8,,72.9,,,23.24,10.23,27.9,72.1,12.35,15.54,72.11,0.0,0.044,11.04,0.0,0.092,Negative,Position,53.15,24.88,,,,Poor,REJECT,15,"Low Edge, High Stop Rate",Stop,Very High Risk
LICHSGFIN,False,0.0,-0.081,-0.41,290,27.6,50,17.2,35,12.1,205,70.7,0,0.0,0,0,-0.69,5.78,-3.16,8.5,2015-09-18,2026-07-10,10.8,,72.4,,,26.85,-18.53,29.3,70.7,17.24,12.07,70.69,0.0,-0.081,-23.49,0.0,0.107,Negative,Position,52.81,39.57,,,,Poor,REJECT,16,"Low Edge, High Stop Rate",Stop,Very High Risk
YESBANK,False,0.0,-0.01,16.89,246,36.6,61,24.8,30,12.2,151,61.4,4,1.6,0,4,-0.11,6.55,-3.95,11.0,2015-09-18,2026-07-13,10.8,,63.4,,,22.78,-2.51,37.0,65.4,24.8,12.2,61.38,1.63,-0.01,-2.46,0.0,0.09,Negative,Position,50.2,56.87,,,,Poor,REJECT,17,"Low Edge, High Stop Rate",Stop,High Risk
MARUTI,False,0.0,-0.036,0.01,247,30.4,15,6.1,61,24.7,170,68.8,1,0.4,0,1,-0.39,4.83,-2.66,10.7,2015-09-18,2026-07-10,10.8,,69.6,,,22.87,-8.92,30.8,69.8,6.07,24.7,68.83,0.4,-0.036,-8.89,0.0,0.091,Negative,Position,49.1,30.39,,,,Poor,REJECT,18,"Low Edge, High Stop Rate",Stop,Very High Risk
IDEA,True,0.0,-0.193,41.94,253,34.8,86,34.0,2,0.8,162,64.0,3,1.2,0,3,-1.45,6.81,-5.86,7.5,2015-09-18,2026-07-13,10.8,,65.2,,,23.43,-33.97,34.8,67.0,33.99,0.79,64.03,1.19,-0.193,-48.83,0.004,0.093,Negative,Position,45.24,84.6,,,,Poor,REJECT,19,"Low Edge, High Stop Rate",Stop,Low Risk
ITC,False,0.0,-0.059,-10.84,217,30.4,11,5.1,60,27.6,145,66.8,1,0.5,0,1,-0.63,3.79,-2.56,10.7,2015-09-18,2026-07-13,10.8,,69.6,,,20.09,-12.66,32.7,67.8,5.07,27.65,66.82,0.46,-0.059,-12.8,0.0,0.08,Negative,Position,44.58,32.82,,,,Poor,REJECT,20,"Low Edge, High Stop Rate",Stop,Very High Risk
HINDUNILVR,False,0.0,-0.048,-6.19,199,34.2,11,5.5,59,29.6,128,64.3,1,0.5,0,1,-0.52,2.84,-2.26,10.8,2015-09-18,2026-07-13,10.8,,65.8,,,18.43,-9.58,35.1,65.3,5.53,29.65,64.32,0.5,-0.048,-9.55,0.0,0.073,Negative,Position,42.96,33.6,,,,Poor,REJECT,21,"Low Edge, High Stop Rate",Stop,Very High Risk
TCS,False,0.26,0.019,-19.4,155,33.5,23,14.8,30,19.4,100,64.5,2,1.3,0,2,0.19,5.54,-2.52,10.0,2015-09-18,2026-07-13,10.8,,66.5,,,14.35,2.73,34.2,66.5,14.84,19.35,64.52,1.29,0.019,2.94,0.0,0.057,Negative,Position,40.9,38.67,,,,Poor,REJECT,22,"Low Edge, High Stop Rate",Stop,Very High Risk
HDFCBANK,False,0.0,-0.067,-3.28,122,27.0,9,7.4,26,21.3,87,71.3,0,0.0,0,0,-0.63,4.07,-2.37,9.3,2015-09-18,2026-07-13,10.8,,73.0,,,11.3,-7.12,28.7,71.3,7.38,21.31,71.31,0.0,-0.068,-8.17,0.0,0.045,Negative,Position,33.53,27.19,,,,Poor,REJECT,23,"Low Edge, High Stop Rate",Stop,Very High Risk
PAYTM,False,0.0,-0.025,15.67,197,30.5,47,23.9,15,7.6,135,68.5,0,0.0,0,0,-0.26,9.11,-4.36,10.2,2021-11-18,2026-07-13,4.6,limited history: 4.6y (<10y) - lower confidence,69.5,,,42.83,-11.14,31.5,68.5,23.86,7.61,68.53,0.0,-0.025,-4.93,0.0,0.17,Negative,Position,13.85,51.4,,,,Poor,REJECT,24,"Low Edge, High Stop Rate",Stop,High Risk
